allele	locus	cdr1	cdr2	cdr25
TRAV1*01	TRA	TSG......FNG	VVL....DGL	SRSN.GY
TRAV1*02	TRA	TSG......FNG	VVL....DGL	SRSN.GY
TRAV10*01	TRA	DTA......SSY	IRSN...VDR	DKKA.KR
TRAV10*02	TRA	DTA......SSY	IRSN...VDR	DKKA.KR
TRAV10*03	TRA	DTA......SSY	IRSN...VDR	DKKA.KR
TRAV10*04	TRA	DTA......SSY	IRSN...VDR	DKKA.KR
TRAV10*05	TRA	DTA......SSY	IRSN...VDR	DKKA.KR
TRAV10D*01	TRA	DTA......SSY	IRSN...VDR	DKKA.KR
TRAV10D*02	TRA	DTA......SSY	IRSN...VDR	DKKA.KR
TRAV10N*01	TRA	DTA......SSY	IRSN...VDR	DKKA.KR
TRAV11*01	TRA	VTP......DNH	LVHE...NDK	DKDA.KH
TRAV11*02	TRA	VTP......DNH	LVDQ...KDK	DKDA.KH
TRAV11D*01	TRA	VTP......DNH	LVHE...NDK	DKDA.KH
TRAV11N*01	TRA	VTP......DNH	LVHQ...KDK	DRDA.KH
TRAV12-1*01	TRA	TAYS.....DVA	SSTD...NKR	HKSS.SS
TRAV12-1*02	TRA	TTYS.....DVA	SSTD...NKR	HKSS.SS
TRAV12-1*03	TRA	TAYS.....DVA	SSTD...NKR	HKSS.SS
TRAV12-1*04	TRA	TAYS.....DVA	SSTD...NKR	HKSS.SS
TRAV12-1*05	TRA	TAYS.....DVG	SSTD...NKR	HKSS.SS
TRAV12-2*01	TRA	TAY......STF	SSTD...NKR	HKSS.SS
TRAV12-3*01	TRA	TIYS.....NPF	SSTD...NKR	HKSS.SS
TRAV12-3*02	TRA	TTYS.....NPS	SSTD...NKR	HKSS.SS
TRAV12-3*03	TRA	TIYS.....NPF	SSTD...NKR	HKSS.SS
TRAV12-3*04	TRA	TIYS.....HPF	SSTD...NKR	HKSS.SS
TRAV12D-1*01	TRA	TTYL.....TIA	SSTD...NKR	HKSS.SS
TRAV12D-1*02	TRA	TTYL.....TIA	SSTD...NKR	HKSS.SS
TRAV12D-1*03	TRA	............	SSTD...NKR	HKSS.SS
TRAV12D-1*04	TRA	TTYL.....TIA	SSTD...NKR	HKSS.SS
TRAV12D-1*05	TRA	TTYS.....NIA	SSTD...NKR	HKSS.SS
TRAV12D-2*01	TRA	STY......SPF	SFTD...NKR	HKSS.SS
TRAV12D-2*02	TRA	TTY......SPF	SSTD...NKR	HKSS.SS
TRAV12D-2*03	TRA	STY......SPF	SFTD...NKR	HKSS.SS
TRAV12D-2*04	TRA	TTY......SPF	SSTD...NKR	HKSS.SS
TRAV12D-2*05	TRA	TTY......SPF	SSTD...NKR	HKSS.SS
TRAV12D-3*01	TRA	TIYS.....NPY	NFTD...NKR	HKSS.SS
TRAV12D-3*02	TRA	TIYS.....NAF	SSTD...NKR	HKSS.SS
TRAV12D-3*03	TRA	TIYS.....NAF	SSTD...NKR	HKSS.SS
TRAV12N-1*01	TRA	TAYS.....DVA	SSTD...NKR	HKSS.SS
TRAV12N-2*01	TRA	TTY......SPF	SSTD...NKR	HKSS.SS
TRAV12N-3*01	TRA	TIYS.....NPF	SFTD...NKR	HKSS.SS
TRAV13-1*01	TRA	TSL.......NS	NPS.....GT	VIKE.RR
TRAV13-2*01	TRA	STA.......TQ	NPS.....GT	VTKE.RR
TRAV13-2*02	TRA	STA.......TQ	NPS.....GT	VTKE.RR
TRAV13-3*01	TRA	TTL.......NS	SPS....WAE	ASNE.SR
TRAV13-3*02	TRA	TTL.......NS	SPS....WAE	ASNE.SR
TRAV13-4-DV7*01	TRA	STA.......TQ	NPS.....GT	VTKE.RR
TRAV13-4-DV7*02	TRA	STA.......TR	NPS.....GT	VTKE.RR
TRAV13-4-DV7*03	TRA	STA.......TE	NPS.....GT	VIKE.RR
TRAV13-4/DV7*01	TRA	STA.......TQ	NPS.....GT	VTKE.RR
TRAV13-4/DV7*02	TRA	STA.......TR	NPS.....GT	VTKE.RR
TRAV13-4/DV7*03	TRA	STA.......TE	NPS.....GT	VIKE.RR
TRAV13-5*01	TRA	IST.......NQ	IP......GM	VTKG.RH
TRAV13D-1*01	TRA	TSL.......NS	NPS.....GT	VIKE.RR
TRAV13D-1*02	TRA	TSL.......NS	NPS.....GT	VIKE.RR
TRAV13D-1*03	TRA	............	NPS.....GT	VIKE.RR
TRAV13D-2*01	TRA	STA.......TR	NPS.....GT	VTNE.RR
TRAV13D-2*02	TRA	STV.......TR	NPS.....GT	VTNE.RR
TRAV13D-3*01	TRA	TTL.......NS	SPS....WAE	ASNE.SR
TRAV13D-3*02	TRA	TTL.......NS	SPS....WAE	ASNE.SR
TRAV13D-4*01	TRA	IFT.......NQ	NPS.....GT	VIKE.RR
TRAV13D-4*02	TRA	IFT.......NQ	NPS.....GT	VIKE.RR
TRAV13D-4*03	TRA	STA.......TR	NPS.....GT	VTKE.RR
TRAV13N-1*01	TRA	TSL.......NS	NPS.....GT	VIKE.RR
TRAV13N-2*01	TRA	STA.......TQ	NPS.....GT	VTKE.RR
TRAV13N-3*01	TRA	TTL.......NS	SPS....WAE	ASNE.SR
TRAV13N-4*01	TRA	IFT.......NQ	NPS.....GT	VIKE.RR
TRAV14-1*01	TRA	DST......FNY	IRSV...SDK	NKRE.KK
TRAV14-1*02	TRA	DST......FNY	ISSV...SDK	NKRE.KK
TRAV14-1*03	TRA	DST......FNY	ISSV...SDK	NKRE.KK
TRAV14-2*01	TRA	DST......FDY	IRPV...SNK	NKRE.KK
TRAV14-2*02	TRA	DST......FDY	IRPV...SNK	NKRE.KK
TRAV14-2*03	TRA	DST......FDY	IRPV...SNK	NKRE.KK
TRAV14-3*01	TRA	NSA......FDY	ILSV...SDK	NKRE.KK
TRAV14-3*02	TRA	NSA......FDY	ILSV...SNK	NKRE.KK
TRAV14-3*03	TRA	NSA......FDY	ILSV...SDK	NKRE.KK
TRAV14D-1*01	TRA	DST......FNY	ILSV...SDK	NKRE.KK
TRAV14D-1*02	TRA	DST......FNY	ILSV...SDK	NKRE.KK
TRAV14D-2*01	TRA	DST......FDY	ISLV...SNK	NKRE.KK
TRAV14D-2*02	TRA	.ST......FDY	ISLV...SNK	NKRE.KK
TRAV14D-2*03	TRA	DST......FDY	IRPV...SNK	NKRE.KK
TRAV14D-3-DV8*01	TRA	NSA......FDY	IRSV...SDK	NKRE.KN
TRAV14D-3-DV8*02	TRA	NSA......FDY	IRSV...SDK	NKRE.KK
TRAV14D-3-DV8*03	TRA	NSA......FDY	IRSV...SDK	NKRE.KN
TRAV14D-3-DV8*04	TRA	NSA......FDY	IRSV...SDK	NKRE.KK
TRAV14D-3-DV8*05	TRA	NSA......FDY	IRSV...SDK	NKRE.QK
TRAV14D-3-DV8*06	TRA	NSA......FDY	IRSV...SDK	NKRE.QK
TRAV14D-3-DV8*07	TRA	NSA......FDY	IRSV...SDK	NKRE.KK
TRAV14D-3-DV8*08	TRA	NSA......FDY	ILSV...SDK	NKRE.KK
TRAV14D-3/DV8*01	TRA	NSA......FDY	IRSV...SDK	NKRE.KN
TRAV14D-3/DV8*02	TRA	NSA......FDY	IRSV...SDK	NKRE.KK
TRAV14D-3/DV8*03	TRA	NSA......FDY	IRSV...SDK	NKRE.KN
TRAV14D-3/DV8*04	TRA	NSA......FDY	IRSV...SDK	NKRE.KK
TRAV14D-3/DV8*05	TRA	NSA......FDY	IRSV...SDK	NKRE.QK
TRAV14D-3/DV8*06	TRA	NSA......FDY	IRSV...SDK	NKRE.QK
TRAV14D-3/DV8*07	TRA	NSA......FDY	IRSV...SDK	NKRE.KK
TRAV14D-3/DV8*08	TRA	NSA......FDY	ILSV...SDK	NKRE.KK
TRAV14N-1*01	TRA	DST......FNY	IRSV...SDK	NKRE.KK
TRAV14N-2*01	TRA	DST......FDY	IRPV...SNK	NKRE.KK
TRAV14N-3*01	TRA	NSA......FDY	IRSV...SDK	NKRE.KN
TRAV15-1-DV6-1*01	TRA	TSQV.....LYH	QMPS..TIAI	QKSR.KS
TRAV15-1-DV6-1*02	TRA	TSQV.....LYH	QMPS..TIAI	QKSR.KS
TRAV15-1/DV6-1*01	TRA	TSQV.....LYH	QMPS..TIAI	QKSR.KS
TRAV15-1/DV6-1*02	TRA	TSQV.....LYH	QMPS..TIAI	QKSR.KS
TRAV15-2-DV6-2*01	TRA	TSEY.....FYV	QTSF..DTQN	QKSL.KS
TRAV15-2-DV6-2*02	TRA	TSEY.....SYL	QPSF..DTQN	QKSF.KS
TRAV15-2/DV6-2*01	TRA	TSEY.....FYV	QTSF..DTQN	QKSL.KS
TRAV15-2/DV6-2*02	TRA	TSEY.....SYL	QPSF..DTQN	QKSF.KS
TRAV15D-1-DV6D-1*01	TRA	TSQV.....LYH	QMSS..STAK	QKSL.KS
TRAV15D-1-DV6D-1*02	TRA	TSQV.....LYH	QMSS..STAK	QKSL.KS
TRAV15D-1-DV6D-1*03	TRA	TSQV.....LYH	QMPS..TIAI	QKSR.KS
TRAV15D-1-DV6D-1*04	TRA	TSQV.....LYH	QTSS..STAK	QKSL.KS
TRAV15D-1-DV6D-1*05	TRA	TRQV.....LYH	QTSS..STAK	QKSL.KS
TRAV15D-1-DV6D-1*06	TRA	TSQV.....LYH	QTSS..STAK	QKSL.KS
TRAV15D-1/DV6D-1*01	TRA	TSQV.....LYH	QMSS..STAK	QKSL.KS
TRAV15D-1/DV6D-1*02	TRA	TSQV.....LYH	QMSS..STAK	QKSL.KS
TRAV15D-1/DV6D-1*03	TRA	TSQV.....LYH	QMPS..TIAI	QKSR.KS
TRAV15D-1/DV6D-1*04	TRA	TSQV.....LYH	QTSS..STAK	QKSL.KS
TRAV15D-1/DV6D-1*05	TRA	TRQV.....LYH	QTSS..STAK	QKSL.KS
TRAV15D-1/DV6D-1*06	TRA	TSQV.....LYH	QTSS..STAK	QKSL.KS
TRAV15D-2-DV6D-2*01	TRA	TSEY.....FYC	QTSF..DTQN	QKSL.KS
TRAV15D-2-DV6D-2*02	TRA	TSEY.....FYR	QPSF..DTQN	QKSF.KS
TRAV15D-2-DV6D-2*03	TRA	TSEY.....FYR	QPSF..DTQN	QKSF.KS
TRAV15D-2-DV6D-2*04	TRA	TSEY.....FYR	QTSF..DTQN	QKSL.KS
TRAV15D-2-DV6D-2*05	TRA	TSEY.....SYL	QPSF..DTQN	QKSF.KS
TRAV15D-2/DV6D-2*01	TRA	TSEY.....FYC	QTSF..DTQN	QKSL.KS
TRAV15D-2/DV6D-2*02	TRA	TSEY.....FYR	QPSF..DTQN	QKSF.KS
TRAV15D-2/DV6D-2*03	TRA	TSEY.....FYR	QPSF..DTQN	QKSF.KS
TRAV15D-2/DV6D-2*04	TRA	TSEY.....FYR	QTSF..DTQN	QKSL.KS
TRAV15D-2/DV6D-2*05	TRA	TSEY.....SYL	QPSF..DTQN	QKSF.KS
TRAV15N-1*01	TRA	TSQV.....LYH	QTSS..STAK	QKSL.KS
TRAV15N-2*01	TRA	TSEY.....FYR	QPSF..DTQN	QKSF.KS
TRAV16*01	TRA	TQDS.....SYF	QDSY..KKEN	QKPK.SS
TRAV16*02	TRA	TQDS.....SYF	QDSY..KKEN	QKPK.SS
TRAV16*03	TRA	TRES.....SYY	QDSC..EKEN	QKPK.SS
TRAV16*04	TRA	TRES.....SYY	QDSY..KKEN	QKPK.SS
TRAV16*05	TRA	TRES.....SYY	QDSY..KKEN	QKPK.SS
TRAV16D-DV11*01	TRA	TQDS.....SYF	QDSY..KKEN	QKPK.SS
TRAV16D-DV11*02	TRA	TQDS.....SYF	QDSY..KKEN	QKPK.SS
TRAV16D-DV11*03	TRA	TRDS.....SYF	QDSY..KKEN	QKPK.SS
TRAV16D/DV11*01	TRA	TQDS.....SYF	QDSY..KKEN	QKPK.SS
TRAV16D/DV11*02	TRA	TQDS.....SYF	QDSY..KKEN	QKPK.SS
TRAV16D/DV11*03	TRA	TRDS.....SYF	QDSY..KKEN	QKPK.SS
TRAV16N*01	TRA	TRDS.....SYF	QDSY..KKEN	QKPK.SS
TRAV17*01	TRA	YSA......APY	YITG..DAVV	RKSN.SS
TRAV17*02	TRA	YSA......APY	YITG..DTVV	RKSN.SS
TRAV18*01	TRA	TTF.......PQ	LVKS...GEV	GEAR.KN
TRAV19*01	TRA	NDM......FDY	VRSN...VDK	NKSG.KH
TRAV19*03	TRA	NDM......FDY	VRSN...VDK	NKSG.KH
TRAV2*01	TRA	NIAT.....SEY	GYK.....DY	SADR.KL
TRAV20*01	TRA	NAA......TNY	IRSN...VNR	DRNV.KR
TRAV20*02	TRA	NAA......TNY	IRSN...VNR	DRNV.KR
TRAV21-DV12*01	TRA	TISG.....NEY	GLQ.....QN	ASDR.KS
TRAV21-DV12*02	TRA	TISG.....NEY	GLQ.....QN	ASDR.KS
TRAV21/DV12*01	TRA	TISG.....NEY	GLQ.....QN	ASDR.KS
TRAV21/DV12*02	TRA	TISG.....NEY	GLQ.....QN	ASDR.KS
TRAV3-1*01	TRA	DSA......TAY	VLSN...VDR	NKKD.KR
TRAV3-1*02	TRA	DSA......TAY	VLSN...VDR	NKKD.KR
TRAV3-3*01	TRA	DPN......SYY	VFSS...TEI	NKKD.KR
TRAV3-4*01	TRA	DSA......TAY	VFSN...VDR	NKKD.KQ
TRAV3D-3*01	TRA	DPN......SYY	VFSS...TEI	NKKD.KR
TRAV3D-3*02	TRA	DPN......SYY	VFSS...TEI	NKKD.KQ
TRAV3N-3*01	TRA	DPN......SYY	VFSS...TEI	NKKD.KQ
TRAV4-2*01	TRA	TTM.......KS	LAQ.....GT	NSKE.RY
TRAV4-2*02	TRA	TTM.......KG	LAQ.....GT	NSKE.RY
TRAV4-3*01	TRA	IAT.......TT	LVP.....GT	NSKE.SY
TRAV4-3*02	TRA	IAT.......TT	LVP.....GT	NSKE.SY
TRAV4-4-DV10*01	TRA	TTM.......RS	LAS.....GT	DSKERRY
TRAV4-4/DV10*01	TRA	TTM.......RS	LAS.....GT	DSKERRY
TRAV4D-2*01	TRA	TTM.......KG	LAQ.....GT	NS*E.RY
TRAV4D-3*01	TRA	IAA.......TT	LVP.....GT	NSKE.SY
TRAV4D-3*02	TRA	IAA.......TT	LVP.....GT	NSKE.SY
TRAV4D-3*03	TRA	IAA.......TT	LVP.....GT	DSKE.SY
TRAV4D-3*04	TRA	IAA.......TT	LVP.....GT	NSKE.SY
TRAV4D-4*01	TRA	TTT.......RS	LAS.....GT	DSKE.LY
TRAV4D-4*02	TRA	TTM.......RA	LAS.....GT	NSKE.SY
TRAV4D-4*03	TRA	TTM.......RA	LAS.....GT	DSKE.RY
TRAV4D-4*04	TRA	TTT.......RA	LAS.....GT	DSKE.RY
TRAV4N-3*01	TRA	IAA.......TT	LVP.....GT	DSKE.SY
TRAV4N-4*01	TRA	TTM.......RA	LAS.....GT	DSKE.RY
TRAV5-1*01	TRA	DSA......SVY	IRSN...MER	DKKT.KH
TRAV5-2*01	TRA	NNA......SLC	IR*N...MER	NKKS.KH
TRAV5-4*01	TRA	NSA......SNY	IRSN...MER	DKKA.KR
TRAV5D-2*01	TRA	NNA......LLC	IC*N...MER	NKKS.KH
TRAV5D-4*01	TRA	NSA......SNY	IRSN...MER	DKKA.KR
TRAV5D-4*02	TRA	DSA......SNY	IRSN...MER	DKKA.KR
TRAV5D-4*03	TRA	NSA......SNY	IRSN...MER	DKKA.KR
TRAV5D-4*04	TRA	DSA......SNY	IRSN...MER	DKKA.KR
TRAV5D-4*05	TRA	NSA......SNY	IRSN...MER	DKKA.KR
TRAV5N-2*01	TRA	NNA......LLC	IC*N...MER	NKKS.KH
TRAV5N-4*01	TRA	NSA......SNY	IRSN...MER	DKKA.KR
TRAV6-1*01	TRA	TTW......YPT	VTTA...NNK	DKRT.TS
TRAV6-1*02	TRA	TTW......YPT	VTTA...NNK	DKGT.TS
TRAV6-2*01	TRA	TTG......YPT	VTTA...NNK	DKGT.TS
TRAV6-2*02	TRA	TTG......YPT	VTTA...NNK	DKGT.TS
TRAV6-2*03	TRA	TTG......YPT	VTTA...NNK	DKGT.TS
TRAV6-3*01	TRA	TTG......YPT	VTTA...NNK	DKGT.TS
TRAV6-3*02	TRA	TTG......YPT	VTTA...NNK	DKGT.TS
TRAV6-4*01	TRA	TTT......YPT	VTTA...NNK	DKGT.TS
TRAV6-4*02	TRA	TTT......YPT	ETTA...NNK	DRGT.TS
TRAV6-4*03	TRA	TTT......YPT	VTTA...NNK	DKGT.TS
TRAV6-5*01	TRA	TKQ......YPT	VPKA...NEK	NKEA.TS
TRAV6-5*02	TRA	TKQ......YPT	VPKA...NEK	NKEA.TS
TRAV6-5*03	TRA	TKQ......YPT	VPKA...NEK	NKEA.TS
TRAV6-5*04	TRA	TKQ......YPT	VPKA...NEK	NKEA.TS
TRAV6-6*01	TRA	TTSI....AYPN	VITA...GQK	NKET.TS
TRAV6-6*02	TRA	TTSI....AYPN	VITA...GQK	NKET.TS
TRAV6-6*03	TRA	TTSI....GYPN	VITA...GQK	NKET.AS
TRAV6-7-DV9*01	TRA	ASG......YPA	ASRD...KEK	NKET.TS
TRAV6-7-DV9*02	TRA	ASG......YPA	ASRD...KEK	DKGT.TS
TRAV6-7-DV9*03	TRA	ASG......YPA	ASRD...KEK	DKGT.TS
TRAV6-7-DV9*04	TRA	ASG......YPT	ASRD...KEK	DKGT.TS
TRAV6-7-DV9*06	TRA	ASG......YPA	ASRD...KEK	NKET.TS
TRAV6-7-DV9*07	TRA	ASG......YPA	ASRD...KEK	NKET.TS
TRAV6-7-DV9*08	TRA	............	ASRD...KEK	NKET.TS
TRAV6-7/DV9*01	TRA	ASG......YPA	ASRD...KEK	NKET.TS
TRAV6-7/DV9*02	TRA	ASG......YPA	ASRD...KEK	DKGT.TS
TRAV6-7/DV9*03	TRA	ASG......YPA	ASRD...KEK	DKGT.TS
TRAV6-7/DV9*04	TRA	ASG......YPT	ASRD...KEK	DKGT.TS
TRAV6-7/DV9*06	TRA	ASG......YPA	ASRD...KEK	NKET.TS
TRAV6-7/DV9*07	TRA	ASG......YPA	ASRD...KEK	NKET.TS
TRAV6-7/DV9*08	TRA	............	ASRD...KEK	NKET.TS
TRAV6D-3*01	TRA	TTG......YPT	VTTA...NNK	DKGT.TS
TRAV6D-3*02	TRA	TTG......YPT	VTTA...NNK	DKGT.TS
TRAV6D-4*01	TRA	TTT......YPT	VTTA...NNK	DKGT.TS
TRAV6D-5*01	TRA	TKQ......YPT	VPKA...NEK	NKEA.TS
TRAV6D-6*01	TRA	ATSI....AYPN	VITA...GQK	NKET.TS
TRAV6D-6*02	TRA	ATSI....AYPN	VITA...GQK	NKET.TS
TRAV6D-6*03	TRA	ATSI....GYPN	VITA...GQK	NKEA.TS
TRAV6D-6*04	TRA	ATSI....GYPN	VITA...GQK	NKEA.TS
TRAV6D-6*05	TRA	ATSI....GYPN	VITA...GQK	NKEA.TS
TRAV6D-7*01	TRA	ASG......YPA	ASRD...KEK	NKEA.TS
TRAV6D-7*02	TRA	ASG......YPA	ASRD...KEK	NKEA.TS
TRAV6D-7*03	TRA	ASG......YPA	ASRD...KEK	NKEA.TS
TRAV6D-7*04	TRA	ASG......YPA	ASRD...KEK	DKGT.TS
TRAV6N-5*01	TRA	TKQ......YPT	VPKA...NEK	NKEA.TS
TRAV6N-6*01	TRA	ATSI....GYPN	VITA...GQK	NKEA.TS
TRAV6N-7*01	TRA	ASG......YPA	ASRD...KEK	DKGT.TS
TRAV7-1*01	TRA	DRN......SQY	IFS....NGD	NKAS.LY
TRAV7-2*01	TRA	DRN......VDY	IFS....NGE	NKAS.LH
TRAV7-2*02	TRA	DRN......VDY	IFS....NGE	NKAS.LH
TRAV7-3*01	TRA	DSA......SQY	IFS....NGE	NKAS.LH
TRAV7-3*02	TRA	............	IFS....NGE	NKAS.LH
TRAV7-3*03	TRA	DSA......SQY	IFS....NGE	NKAS.LH
TRAV7-3*04	TRA	DSA......SQY	IFS....NGE	NKAS.LH
TRAV7-4*01	TRA	DRN......FQY	IFS....DGD	NKAS.LH
TRAV7-4*02	TRA	DRN......FQY	IFS....DGD	NKAS.LH
TRAV7-5*01	TRA	DGT......SDN	IFS....DGE	NRAS.LH
TRAV7-5*02	TRA	............	IFS....DGE	NRAS.LH
TRAV7-5*03	TRA	............	IFS....DGE	NRAN.LH
TRAV7-6*01	TRA	NSA......SQS	IFS....NGN	NRAS.LH
TRAV7-6*02	TRA	DSA......SQS	IFS....NGN	NRAS.LH
TRAV7D-2*01	TRA	DRN......VDY	IFS....NGE	NKAS.LH
TRAV7D-2*02	TRA	DRN......VDY	IFS....NGE	NKAS.LH
TRAV7D-2*03	TRA	............	..........	NRAS.LH
TRAV7D-3*01	TRA	DSA......SQY	IFS....NGE	NKAS.LH
TRAV7D-3*02	TRA	DSA......SQY	IFS....NGE	NKAS.LH
TRAV7D-4*01	TRA	DRN......FQY	IFS....DGD	NKAS.LH
TRAV7D-4*02	TRA	DRN......FQY	IFS....DGD	NKAS.LH
TRAV7D-4*03	TRA	DRN......FQY	IFS....DGD	NKAS.LH
TRAV7D-5*01	TRA	DGT......SDN	IFS....DGE	NRAS.LH
TRAV7D-6*01	TRA	DSA......SQS	IFS....NGN	NRAS.LH
TRAV7D-6*02	TRA	NSA......SQS	IFS....NGN	NRAS.LH
TRAV7N-4*01	TRA	DRN......FQY	IFS....DGD	NKAS.LH
TRAV7N-5*01	TRA	DRS......SDN	IFS....DGE	NRAS.LH
TRAV7N-6*01	TRA	NSA......SQS	IFS....NGN	NRAS.LH
TRAV8-1*01	TRA	TSI.......TA	IRSN...ERE	DTSS.QS
TRAV8-1*02	TRA	............	.RSN...ERE	DTSS.QS
TRAV8-1*03	TRA	TSI.......TA	IRSN...ERE	DTSS.QS
TRAV8-2*01	TRA	TYT.......TV	IRSN...ERE	DTSS.QS
TRAV8D-1*01	TRA	TSI.......TA	IRSN...ERE	DTSS.QS
TRAV8D-1*02	TRA	TSI.......TA	IRSN...ERE	DTSS.QS
TRAV8D-2*01	TRA	TYT.......TV	IRSN...ERE	DTSS.QS
TRAV8D-2*02	TRA	TYT.......TV	IRSN...ERE	DTSS.QS
TRAV8D-2*03	TRA	TYT.......TV	IRSN...ERE	DTSS.QS
TRAV8N-2*01	TRA	TYT.......TV	IRSN...ERE	DTSS.QS
TRAV9-1*01	TRA	YGG......SIY	YYSG..NPVV	SKSD.SS
TRAV9-1*02	TRA	YGG......SIY	YYSG..NPVV	SKSD.SS
TRAV9-2*01	TRA	YSG......TPY	YYSG..DPVV	SKSD.SS
TRAV9-3*01	TRA	SSV......TPY	YYSG..DPVV	SKSN.SS
TRAV9-3*02	TRA	SSV......TPY	YYSG..DPVV	SKSN.SS
TRAV9-3*03	TRA	SSV......TPY	YYSG..DPVV	SKSN.SS
TRAV9-4*01	TRA	YSA......TPY	YYSG..DPVV	SKSN.SS
TRAV9D-1*01	TRA	YGG......SIY	YYSG..NPVV	SKSD.SS
TRAV9D-1*02	TRA	YGG......SIY	YYSG..NPVV	SKSD.SS
TRAV9D-2*01	TRA	YSG......TPY	YYSG..DPVV	SKSN.SS
TRAV9D-2*02	TRA	YSG......TPY	YYSG..DPVV	SKSN.SS
TRAV9D-2*03	TRA	YSG......TPY	YYSG..DPVV	SKSN.SS
TRAV9D-3*01	TRA	YSA......TPY	YYSG..DPVV	SKSD.SS
TRAV9D-3*02	TRA	YSA......TPY	YYSG..DPVV	SKSN.SS
TRAV9D-4*01	TRA	YSG......TPY	YYSG..DPVV	SKSN.SS
TRAV9D-4*03	TRA	............	YYSG..DPVV	SKSN.SS
TRAV9D-4*04	TRA	YSG......TPY	YYSG..DPVV	IKSN.SS
TRAV9N-2*01	TRA	SSG......TPY	YYSG..DPVV	SKSN.SS
TRAV9N-3*01	TRA	YFG......TPY	YYPG..DPVV	SKSN.SS
TRAV9N-4*01	TRA	YSA......TPY	YYSG..DPVV	SKSN.SS
TRBV1*01	TRB	NSQ......YPW	LRS....PGD	V.TDTE
TRBV1*02	TRB	NSQ......YPW	LRS....PRD	V.TDTE
TRBV10*01	TRB	MNH.......YR	SVG....TDR	E.IQSF
TRBV12-1*01	TRB	SGH.......SN	HYE....KVE	F.DDYH
TRBV12-1*02	TRB	SGH.......SN	HYE....KVE	F.DDYH
TRBV12-2*01	TRB	SGH.......LS	HYD....KME	F.DDYH
TRBV12-2*02	TRB	SGH.......LS	HYD....KME	F.DDYH
TRBV12-2+TRBV13-2*01	TRB	NNH.......NN	SYG....AGS	P.SQEN
TRBV13-1*01	TRB	NSH.......NY	SYG....AGN	T.TQED
TRBV13-1*02	TRB	NSH.......NY	SYG....AGN	T.TQED
TRBV13-2*01	TRB	NNH.......NN	SYG....AGS	P.SQEN
TRBV13-2*02	TRB	NNH.......NN	SYG....AGS	P.SQEN
TRBV13-2*03	TRB	NNH.......NN	SYG....AGS	P.SQEN
TRBV13-2*04	TRB	NNH.......NN	SYG....AGS	P.SQEN
TRBV13-2*05	TRB	NNH.......NN	SYG....ADS	P.SQKE
TRBV13-3*01	TRB	NNH.......DY	SYV....ADS	P.SQEN
TRBV14*01	TRB	SGH.......DT	FRD....EAV	P.KGTN
TRBV15*01	TRB	SGH.......ND	FRS....KSL	L.NSSF
TRBV16*01	TRB	SGH.......SA	FRN....QAP	P.NQSH
TRBV16*02	TRB	SGH.......SA	FRN....QAP	P.NQSH
TRBV16*03	TRB	SGH.......SA	FRN....QAP	P.NQSH
TRBV16*04	TRB	SGH.......SA	FRN....QAP	P.NQSH
TRBV17*01	TRB	MNH.......DT	YYD....KIL	P.NNSF
TRBV19*01	TRB	FNH.......DT	SIT....END	E.KKSS
TRBV19*02	TRB	FNH.......DT	SIT....END	E.KKSS
TRBV19*03	TRB	FNH.......DS	SIT....END	E.KKSS
TRBV2*01	TRB	LGH.......NA	YSY....QKL	S.KKNH
TRBV20*01	TRB	GFQ......ATS	STVN...SAI	P.NLSF
TRBV20*02	TRB	GFQ......ATS	STVN...SAI	P.NLSF
TRBV21*01	TRB	NGH.......SY	FQN....EDI	P.AKKP
TRBV23*01	TRB	KGH.......TA	FQN....QQP	P.SSSL
TRBV24*01	TRB	KGH.......TA	FRN....EEI	S.SNSR
TRBV24*02	TRB	KGH.......TA	FRN....EEI	S.SNSQ
TRBV24*03	TRB	KGH.......TA	FRN....EEI	S.SNSQ
TRBV24*04	TRB	KGH.......TA	FRN....EEI	S.SNSR
TRBV26*01	TRB	KGH.......PV	FQN....QEV	P.SNSP
TRBV26*02	TRB	KGH.......PF	FQN....QEV	P.SNSP
TRBV29*01	TRB	MSH.......ET	SYD....VDS	K.KREH
TRBV29*02	TRB	MSH.......ET	SYD....VDS	K.KREH
TRBV3*01	TRB	SNH.......LY	FYN....GKV	P.DGSY
TRBV3*02	TRB	SNH.......LY	FYN....VKV	P.DGSY
TRBV30*01	TRB	SQV.......VS	ANEG...SEA	P.NLTF
TRBV31*01	TRB	GKS......SPN	SIT.....VG	P.KDDQ
TRBV31*02	TRB	GKS......SPN	SIT.....VG	P.KDDQ
TRBV4*01	TRB	LGH.......DT	YNN....KQL	S.DKAH
TRBV4*02	TRB	LDH.......NT	YNN....KQL	S.DKAH
TRBV5*01	TRB	LGH.......NA	YNL....KQL	P.DSSK
TRBV5*02	TRB	LGH.......NA	YNL....KQL	P.DSSK
TRBV5*03	TRB	LGH.......NA	YNL....KQL	P.DSSK
TRBV5*04	TRB	LGH.......NA	YNL....KQL	P.DSSK
TRBV5*05	TRB	LGH.......NA	YSV....KQL	P.DSSK
TRBV8*01	TRB	MKH.......DS	SYD....AGI	S.CTED
TRBV9*01	TRB	SGP.......TG	FQG....EFI	P.EGSF
